{
    "SimulationParameters": {
        "SourcePosition": [
            0.90283203125,
            0.9697265625
        ],
        "c": 343.0,
        "dt": 0.0004998999851438116,
        "fmax": 1000.0,
        "rho": 1.2000000476837158,
        "sigma": 0.21836058795452118
    }
}